PDB,frame_ig,Original_Chain
1G9M,IGHV1-69*02,H
1NL0,IGHV3-30*01,H
2CMR,IGHV1-69*01,H
2NXY,IGHV1-69*02,D
2NY1,IGHV1-69*02,D
2XRA,IGHV1-69*01,H
2YC1,IGHV3-9*01,A
3GBN,IGHV1-69*01,H
3IDX,IGHV3-30*01,H
3KR3,IGHV3-23*03,H
3NPS,IGHV1-69*01,B
3SOB,IGHV3-64*04,H
3U2S,IGHV3-30*02,A
4DQO,IGHV3-30*02,H
4FQI,IGHV1-69*01,H
4G7V,IGHV3-64*04,H
4J6R,IGHV1-3*01,H
4K94,IGHV3-64*04,H
4M62,IGHV1-69*01,I
4NIK,IGHV3-11*01,B
4QCI,IGHV3-30*02,H
4TSA,IGHV3-66*01,H
4TSB,IGHV3-66*01,H
4TSC,IGHV3-66*01,H
4TTD,IGHV3-66*01,H
4XAK,IGHV1-69*01,D
4ZFG,IGHV3-64*04,H
5BJZ,IGHV3-64*04,C
5BV7,IGHV3-33*01,C
5CZX,IGHV1-69*01,C
5F9O,IGHV1-46*01,H
5J13,IGHV3-33*01,C
5LBS,IGHV3-64*04,H
5OTJ,IGHV1-3*01,B
6D0X,IGHV3-33*01,A
6DFJ,IGHV4-59*01,H
6DKJ,IGHV3-33*01,A
6IEB,IGHV4-59*01,E
6IVZ,IGHV4-59*01,H
6MTJ,IGHV4-59*01,H
6PCU,IGHV4-61*02,H
6PHB,IGHV4-4*07,D
